{
    "accuracy": 0.9975,
    "classification_report": {
        "0": {
            "precision": 0.9952380952380953,
            "recall": 1.0,
            "f1-score": 0.9976133651551312,
            "support": 209.0
        },
        "1": {
            "precision": 1.0,
            "recall": 0.9947643979057592,
            "f1-score": 0.9973753280839895,
            "support": 191.0
        },
        "accuracy": 0.9975,
        "macro avg": {
            "precision": 0.9976190476190476,
            "recall": 0.9973821989528796,
            "f1-score": 0.9974943466195604,
            "support": 400.0
        },
        "weighted avg": {
            "precision": 0.9975119047619049,
            "recall": 0.9975,
            "f1-score": 0.9974997024536612,
            "support": 400.0
        }
    }
}